{"count":1,"self":79.66965119999999,"total":81.223244999999991,"children":{"AgentSendState":{"count":3799,"self":0.111867,"total":0.12230099999999999,"children":{"CollectObservations":{"count":1900,"self":0.0086769999999999989,"total":0.0086769999999999989,"children":null},"CollectDiscreteActionMasks":{"count":1900,"self":0.0017569999999999999,"total":0.0017569999999999999,"children":null}}},"DecideAction":{"count":3799,"self":1.2988199999999999,"total":1.2988199999999999,"children":null},"AgentAct":{"count":3799,"self":0.12734499999999999,"total":0.12734499999999999,"children":null}},"gauges":{"RollerBall.CumulativeReward":{"count":166,"max":2,"min":0,"runningAverage":1.01807213,"value":1,"weightedAverage":1.00488889}},"metadata":{"timer_format_version":"0.1.0","start_time_seconds":"1591600187","unity_version":"2019.3.15f1","command_line_arguments":"\/Applications\/2019.3.15f1\/Unity.app\/Contents\/MacOS\/Unity -psn_0_61455","communication_protocol_version":"1.0.0","com.unity.ml-agents_version":"1.0.2-preview","scene_name":"AI_Training","end_time_seconds":"1591600268"}}