{"count":1,"self":6.5854488,"total":6.9384749999999995,"children":{"AgentSendState":{"count":465,"self":0.010787999999999999,"total":0.059801999999999994,"children":{"CollectObservations":{"count":1023,"self":0.048492999999999994,"total":0.048492999999999994,"children":null},"CollectDiscreteActionMasks":{"count":1023,"self":0.000521,"total":0.000521,"children":null}}},"DecideAction":{"count":465,"self":0.254788,"total":0.254788,"children":null},"AgentAct":{"count":465,"self":0.037412999999999995,"total":0.037412999999999995,"children":null}},"gauges":{"Walker.CumulativeReward":{"count":3,"max":78.50195,"min":6.384848,"runningAverage":39.7797928,"value":78.50195,"weightedAverage":29.6768227}},"metadata":{"timer_format_version":"0.1.0","start_time_seconds":"1591446387","unity_version":"2019.3.15f1","command_line_arguments":"\/Applications\/2019.3.15f1\/Unity.app\/Contents\/MacOS\/Unity","communication_protocol_version":"1.0.0","com.unity.ml-agents_version":"1.0.2-preview","scene_name":"Walker","end_time_seconds":"1591446394"}}